memberid,name,party,const,img,logged_on
1493,Sir Charles Walker MP,Conservative,Broxbourne,https://data.parliament.uk/membersdataplatform/services/images/MemberPhoto/1493,2020-11-25
181,John Cryer MP,Labour,Leyton and Wanstead,https://data.parliament.uk/membersdataplatform/services/images/MemberPhoto/181,2020-11-25
280,Michael Fabricant MP,Conservative,Lichfield,https://data.parliament.uk/membersdataplatform/services/images/MemberPhoto/280,2020-11-25
4440,Marion Fellows MP,Scottish National Party,Motherwell and Wishaw,https://data.parliament.uk/membersdataplatform/services/images/MemberPhoto/4440,2020-11-25
4378,Colleen Fletcher MP,Labour,Coventry North East,https://data.parliament.uk/membersdataplatform/services/images/MemberPhoto/4378,2020-11-25
1200,Rt Hon Sir Greg Knight MP,Conservative,East Yorkshire,https://data.parliament.uk/membersdataplatform/services/images/MemberPhoto/1200,2020-11-25
4025,Mrs Pauline Latham MP,Conservative,Mid Derbyshire,https://data.parliament.uk/membersdataplatform/services/images/MemberPhoto/4025,2020-11-25
1480,Rt Hon Maria Miller MP,Conservative,Basingstoke,https://data.parliament.uk/membersdataplatform/services/images/MemberPhoto/1480,2020-11-25
1548,Jessica Morden MP,Labour,Newport East,https://data.parliament.uk/membersdataplatform/services/images/MemberPhoto/1548,2020-11-25
1383,Rt Hon Mark Tami MP,Labour,Alyn and Deeside,https://data.parliament.uk/membersdataplatform/services/images/MemberPhoto/1383,2020-11-25
4677,Giles Watling MP,Conservative,Clacton,https://data.parliament.uk/membersdataplatform/services/images/MemberPhoto/4677,2020-11-25
4000,Ian Mearns MP,Labour,Gateshead,https://data.parliament.uk/membersdataplatform/services/images/MemberPhoto/4000,2020-11-25
4798,Gareth Bacon MP,Conservative,Orpington,https://data.parliament.uk/membersdataplatform/services/images/MemberPhoto/4798,2020-11-25
4005,Bob Blackman MP,Conservative,Harrow East,https://data.parliament.uk/membersdataplatform/services/images/MemberPhoto/4005,2020-11-25
3958,Fiona Bruce MP,Conservative,Congleton,https://data.parliament.uk/membersdataplatform/services/images/MemberPhoto/3958,2020-11-25
4435,Patricia Gibson MP,Scottish National Party,North Ayrshire and Arran,https://data.parliament.uk/membersdataplatform/services/images/MemberPhoto/4435,2020-11-25
4136,Nigel Mills MP,Conservative,Amber Valley,https://data.parliament.uk/membersdataplatform/services/images/MemberPhoto/4136,2020-11-25
4851,Lia Nici MP,Conservative,Great Grimsby,https://data.parliament.uk/membersdataplatform/services/images/MemberPhoto/4851,2020-11-25
4848,Claudia Webbe MP,Labour,Leicester East,https://data.parliament.uk/membersdataplatform/services/images/MemberPhoto/4848,2020-11-25
4621,Darren Jones MP,Labour,Bristol North West,https://data.parliament.uk/membersdataplatform/services/images/MemberPhoto/4621,2020-11-25
4470,Alan Brown MP,Scottish National Party,Kilmarnock and Loudoun,https://data.parliament.uk/membersdataplatform/services/images/MemberPhoto/4470,2020-11-25
4391,Judith Cummins MP,Labour,Bradford South,https://data.parliament.uk/membersdataplatform/services/images/MemberPhoto/4391,2020-11-25
3912,Richard Fuller MP,Conservative,North East Bedfordshire,https://data.parliament.uk/membersdataplatform/services/images/MemberPhoto/3912,2020-11-25
4460,Ms Nusrat Ghani MP,Conservative,Wealden,https://data.parliament.uk/membersdataplatform/services/images/MemberPhoto/4460,2020-11-25
4830,Paul Howell MP,Conservative,Sedgefield,https://data.parliament.uk/membersdataplatform/services/images/MemberPhoto/4830,2020-11-25
4752,Mark Jenkinson MP,Conservative,Workington,https://data.parliament.uk/membersdataplatform/services/images/MemberPhoto/4752,2020-11-25
4799,Charlotte Nichols MP,Labour,Warrington North,https://data.parliament.uk/membersdataplatform/services/images/MemberPhoto/4799,2020-11-25
4052,Mark Pawsey MP,Conservative,Rugby,https://data.parliament.uk/membersdataplatform/services/images/MemberPhoto/4052,2020-11-25
4866,Alexander Stafford MP,Conservative,Rother Valley,https://data.parliament.uk/membersdataplatform/services/images/MemberPhoto/4866,2020-11-25
4786,Zarah Sultana MP,Labour,Coventry South,https://data.parliament.uk/membersdataplatform/services/images/MemberPhoto/4786,2020-11-25
1446,Chris Bryant MP,Labour,Rhondda,https://data.parliament.uk/membersdataplatform/services/images/MemberPhoto/1446,2020-11-25
4791,Andy Carter MP,Conservative,Warrington South,https://data.parliament.uk/membersdataplatform/services/images/MemberPhoto/4791,2020-11-25
4439,Alberto Costa MP,Conservative,South Leicestershire,https://data.parliament.uk/membersdataplatform/services/images/MemberPhoto/4439,2020-11-25
4572,Chris Elmore MP,Labour,Ogmore,https://data.parliament.uk/membersdataplatform/services/images/MemberPhoto/4572,2020-11-25
4774,Mark Fletcher MP,Conservative,Bolsover,https://data.parliament.uk/membersdataplatform/services/images/MemberPhoto/4774,2020-11-25
40,Sir Bernard Jenkin MP,Conservative,Harwich and North Essex,https://data.parliament.uk/membersdataplatform/services/images/MemberPhoto/40,2020-11-25
4437,Anne McLaughlin MP,Scottish National Party,Glasgow North East,https://data.parliament.uk/membersdataplatform/services/images/MemberPhoto/4437,2020-11-25
1428,Bill Wiggin MP,Conservative,North Herefordshire,https://data.parliament.uk/membersdataplatform/services/images/MemberPhoto/1428,2020-11-25
4032,Stuart Andrew MP,Conservative,Pudsey,https://data.parliament.uk/membersdataplatform/services/images/MemberPhoto/4032,2020-11-25
529,Rt Hon Sir Alan Campbell MP,Labour,Tynemouth,https://data.parliament.uk/membersdataplatform/services/images/MemberPhoto/529,2020-11-25
4004,Mike Freer MP,Conservative,Finchley and Golders Green,https://data.parliament.uk/membersdataplatform/services/images/MemberPhoto/4004,2020-11-25
3948,Rebecca Harris MP,Conservative,Castle Point,https://data.parliament.uk/membersdataplatform/services/images/MemberPhoto/3948,2020-11-25
3992,James Morris MP,Conservative,Halesowen and Rowley Regis,https://data.parliament.uk/membersdataplatform/services/images/MemberPhoto/3992,2020-11-25
4482,Owen Thompson MP,Scottish National Party,Midlothian,https://data.parliament.uk/membersdataplatform/services/images/MemberPhoto/4482,2020-11-25
80021,Mrs Tammy Banks,,Lay Member,https://committees-api.parliament.uk/committees/personimage/21,2020-11-25
80006,Mrs Jane Burgess,,Lay Member,https://committees-api.parliament.uk/committees/personimage/6,2020-11-25
80018,Mrs Rita Dexter,,Lay Member,https://committees-api.parliament.uk/committees/personimage/18,2020-11-25
80001,Dr Arun Midha,,Lay Member,https://committees-api.parliament.uk/committees/personimage/1,2020-11-25
80014,Mr Paul Thorogood,,Lay Member,https://committees-api.parliament.uk/committees/personimage/14,2020-11-25
413,Rt Hon Hilary Benn MP,Labour,Leeds Central,https://data.parliament.uk/membersdataplatform/services/images/MemberPhoto/413,2020-11-25
4743,Lee Anderson MP,Conservative,Ashfield,https://data.parliament.uk/membersdataplatform/services/images/MemberPhoto/4743,2020-11-25
1581,Mr Peter Bone MP,Conservative,Wellingborough,https://data.parliament.uk/membersdataplatform/services/images/MemberPhoto/1581,2020-11-25
4419,Joanna Cherry QC MP,Scottish National Party,Edinburgh South West,https://data.parliament.uk/membersdataplatform/services/images/MemberPhoto/4419,2020-11-25
242,Sir Christopher Chope MP,Conservative,Christchurch,https://data.parliament.uk/membersdataplatform/services/images/MemberPhoto/242,2020-11-25
4807,Mark Eastwood MP,Conservative,Dewsbury,https://data.parliament.uk/membersdataplatform/services/images/MemberPhoto/4807,2020-11-25
4870,Florence Eshalomi MP,Labour,Vauxhall,https://data.parliament.uk/membersdataplatform/services/images/MemberPhoto/4870,2020-11-25
4842,Sally-Ann Hart MP,Conservative,Hastings and Rye,https://data.parliament.uk/membersdataplatform/services/images/MemberPhoto/4842,2020-11-25
4833,Antony Higginbotham MP,Conservative,Burnley,https://data.parliament.uk/membersdataplatform/services/images/MemberPhoto/4833,2020-11-25
4511,Dr Rupa Huq MP,Labour,Ealing Central and Acton,https://data.parliament.uk/membersdataplatform/services/images/MemberPhoto/4511,2020-11-25
4359,Stephen Kinnock MP,Labour,Aberavon,https://data.parliament.uk/membersdataplatform/services/images/MemberPhoto/4359,2020-11-25
4253,Seema Malhotra MP,Labour,Feltham and Heston,https://data.parliament.uk/membersdataplatform/services/images/MemberPhoto/4253,2020-11-25
4868,Nicola Richards MP,Conservative,West Bromwich East,https://data.parliament.uk/membersdataplatform/services/images/MemberPhoto/4868,2020-11-25
4760,Gary Sambrook MP,Conservative,"Birmingham, Northfield",https://data.parliament.uk/membersdataplatform/services/images/MemberPhoto/4760,2020-11-25
411,Mr Barry Sheerman MP,Labour,Huddersfield,https://data.parliament.uk/membersdataplatform/services/images/MemberPhoto/411,2020-11-25
4750,Jane Stevenson MP,Conservative,Wolverhampton North East,https://data.parliament.uk/membersdataplatform/services/images/MemberPhoto/4750,2020-11-25
4504,Wes Streeting MP,Labour,Ilford North,https://data.parliament.uk/membersdataplatform/services/images/MemberPhoto/4504,2020-11-25
4844,Matt Vickers MP,Conservative,Stockton South,https://data.parliament.uk/membersdataplatform/services/images/MemberPhoto/4844,2020-11-25
4766,Dr Jamie Wallis MP,Conservative,Bridgend,https://data.parliament.uk/membersdataplatform/services/images/MemberPhoto/4766,2020-11-25
4385,Dr Philippa Whitford MP,Scottish National Party,Central Ayrshire,https://data.parliament.uk/membersdataplatform/services/images/MemberPhoto/4385,2020-11-25
4074,Mark Garnier MP,Conservative,Wyre Forest,https://data.parliament.uk/membersdataplatform/services/images/MemberPhoto/4074,2020-11-25
4267,Sarah Champion MP,Labour,Rotherham,https://data.parliament.uk/membersdataplatform/services/images/MemberPhoto/4267,2020-11-25
4819,Theo Clarke MP,Conservative,Stafford,https://data.parliament.uk/membersdataplatform/services/images/MemberPhoto/4819,2020-11-25
4368,Neil Coyle MP,Labour,Bermondsey and Old Southwark,https://data.parliament.uk/membersdataplatform/services/images/MemberPhoto/4368,2020-11-25
4374,Martin Docherty-Hughes MP,Scottish National Party,West Dunbartonshire,https://data.parliament.uk/membersdataplatform/services/images/MemberPhoto/4374,2020-11-25
1487,Rt Hon Tobias Ellwood MP,Conservative,Bournemouth East,https://data.parliament.uk/membersdataplatform/services/images/MemberPhoto/1487,2020-11-25
473,Sir Mark Hendrick MP,Labour,Preston,https://data.parliament.uk/membersdataplatform/services/images/MemberPhoto/473,2020-11-25
4403,Chris Law MP,Scottish National Party,Dundee West,https://data.parliament.uk/membersdataplatform/services/images/MemberPhoto/4403,2020-11-25
4277,Mrs Emma Lewell-Buck MP,Labour,South Shields,https://data.parliament.uk/membersdataplatform/services/images/MemberPhoto/4277,2020-11-25
3998,Mark Menzies MP,Conservative,Fylde,https://data.parliament.uk/membersdataplatform/services/images/MemberPhoto/3998,2020-11-25
4811,Navendu Mishra MP,Labour,Stockport,https://data.parliament.uk/membersdataplatform/services/images/MemberPhoto/4811,2020-11-25
4515,Kate Osamor MP,Labour,Edmonton,https://data.parliament.uk/membersdataplatform/services/images/MemberPhoto/4515,2020-11-25
318,Rt Hon John Spellar MP,Labour,Warley,https://data.parliament.uk/membersdataplatform/services/images/MemberPhoto/318,2020-11-25
4462,Tom Tugendhat MP,Conservative,Tonbridge and Malling,https://data.parliament.uk/membersdataplatform/services/images/MemberPhoto/4462,2020-11-25
4742,Stuart Anderson MP,Conservative,Wolverhampton South West,https://data.parliament.uk/membersdataplatform/services/images/MemberPhoto/4742,2020-11-25
4855,Sarah Atherton MP,Conservative,Wrexham,https://data.parliament.uk/membersdataplatform/services/images/MemberPhoto/4855,2020-11-25
4132,Richard Drax MP,Conservative,South Dorset,https://data.parliament.uk/membersdataplatform/services/images/MemberPhoto/4132,2020-11-25
1444,Rt Hon Mark Francois MP,Conservative,Rayleigh and Wickford,https://data.parliament.uk/membersdataplatform/services/images/MemberPhoto/1444,2020-11-25
1438,Rt Hon Kevan Jones MP,Labour,North Durham,https://data.parliament.uk/membersdataplatform/services/images/MemberPhoto/1438,2020-11-25
4360,Gavin Robinson MP,Democratic Unionist Party,Belfast East,https://data.parliament.uk/membersdataplatform/services/images/MemberPhoto/4360,2020-11-25
429,Derek Twigg MP,Labour,Halton,https://data.parliament.uk/membersdataplatform/services/images/MemberPhoto/429,2020-11-25
4410,Julian Knight MP,Conservative,Solihull,https://data.parliament.uk/membersdataplatform/services/images/MemberPhoto/4410,2020-11-25
1400,Kevin Brennan MP,Labour,Cardiff West,https://data.parliament.uk/membersdataplatform/services/images/MemberPhoto/1400,2020-11-25
4067,Steve Brine MP,Conservative,Winchester,https://data.parliament.uk/membersdataplatform/services/images/MemberPhoto/4067,2020-11-25
4849,Alex Davies-Jones MP,Labour,Pontypridd,https://data.parliament.uk/membersdataplatform/services/images/MemberPhoto/4849,2020-11-25
165,Clive Efford MP,Labour,Eltham,https://data.parliament.uk/membersdataplatform/services/images/MemberPhoto/165,2020-11-25
4127,Julie Elliott MP,Labour,Sunderland Central,https://data.parliament.uk/membersdataplatform/services/images/MemberPhoto/4127,2020-11-25
76,Rt Hon Damian Green MP,Conservative,Ashford,https://data.parliament.uk/membersdataplatform/services/images/MemberPhoto/76,2020-11-25
3969,Rt Hon Damian Hinds MP,Conservative,East Hampshire,https://data.parliament.uk/membersdataplatform/services/images/MemberPhoto/3969,2020-11-25
4415,John Nicolson MP,Scottish National Party,Ochil and South Perthshire,https://data.parliament.uk/membersdataplatform/services/images/MemberPhoto/4415,2020-11-25
4053,Mrs Heather Wheeler MP,Conservative,South Derbyshire,https://data.parliament.uk/membersdataplatform/services/images/MemberPhoto/4053,2020-11-25
1565,Philip Davies MP,Conservative,Shipley,https://data.parliament.uk/membersdataplatform/services/images/MemberPhoto/1565,2020-11-25
3985,Rt Hon Robert Halfon MP,Conservative,Harlow,https://data.parliament.uk/membersdataplatform/services/images/MemberPhoto/3985,2020-11-25
4788,Fleur Anderson MP,Labour,Putney,https://data.parliament.uk/membersdataplatform/services/images/MemberPhoto/4788,2020-11-25
4790,Apsana Begum MP,Labour,Poplar and Limehouse,https://data.parliament.uk/membersdataplatform/services/images/MemberPhoto/4790,2020-11-25
4814,Jonathan Gullis MP,Conservative,Stoke-on-Trent North,https://data.parliament.uk/membersdataplatform/services/images/MemberPhoto/4814,2020-11-25
4771,Tom Hunt MP,Conservative,Ipswich,https://data.parliament.uk/membersdataplatform/services/images/MemberPhoto/4771,2020-11-25
4592,Dr Caroline Johnson MP,Conservative,Sleaford and North Hykeham,https://data.parliament.uk/membersdataplatform/services/images/MemberPhoto/4592,2020-11-25
4824,Kim Johnson MP,Labour,"Liverpool, Riverside",https://data.parliament.uk/membersdataplatform/services/images/MemberPhoto/4824,2020-11-25
4761,David Johnston MP,Conservative,Wantage,https://data.parliament.uk/membersdataplatform/services/images/MemberPhoto/4761,2020-11-25
4872,David Simmonds MP,Conservative,"Ruislip, Northwood and Pinner",https://data.parliament.uk/membersdataplatform/services/images/MemberPhoto/4872,2020-11-25
4871,Christian Wakeford MP,Conservative,Bury South,https://data.parliament.uk/membersdataplatform/services/images/MemberPhoto/4871,2020-11-25
4072,Neil Parish MP,Conservative,Tiverton and Honiton,https://data.parliament.uk/membersdataplatform/services/images/MemberPhoto/4072,2020-11-25
4831,Ian Byrne MP,Labour,"Liverpool, West Derby",https://data.parliament.uk/membersdataplatform/services/images/MemberPhoto/4831,2020-11-25
155,Geraint Davies MP,Labour,Swansea West,https://data.parliament.uk/membersdataplatform/services/images/MemberPhoto/155,2020-11-25
4736,Dave Doogan MP,Scottish National Party,Angus,https://data.parliament.uk/membersdataplatform/services/images/MemberPhoto/4736,2020-11-25
4616,Rosie Duffield MP,Labour,Canterbury,https://data.parliament.uk/membersdataplatform/services/images/MemberPhoto/4616,2020-11-25
146,Barry Gardiner MP,Labour,Brent North,https://data.parliament.uk/membersdataplatform/services/images/MemberPhoto/146,2020-11-25
4853,Dr Neil Hudson MP,Conservative,Penrith and The Border,https://data.parliament.uk/membersdataplatform/services/images/MemberPhoto/4853,2020-11-25
4861,Robbie Moore MP,Conservative,Keighley,https://data.parliament.uk/membersdataplatform/services/images/MemberPhoto/4861,2020-11-25
4100,Mrs Sheryll Murray MP,Conservative,South East Cornwall,https://data.parliament.uk/membersdataplatform/services/images/MemberPhoto/4100,2020-11-25
4079,Julian Sturdy MP,Conservative,York Outer,https://data.parliament.uk/membersdataplatform/services/images/MemberPhoto/4079,2020-11-25
4532,Derek Thomas MP,Conservative,St Ives,https://data.parliament.uk/membersdataplatform/services/images/MemberPhoto/4532,2020-11-25
1542,Rt Hon Philip Dunne MP,Conservative,Ludlow,https://data.parliament.uk/membersdataplatform/services/images/MemberPhoto/1542,2020-11-25
4784,Duncan Baker MP,Conservative,North Norfolk,https://data.parliament.uk/membersdataplatform/services/images/MemberPhoto/4784,2020-11-25
4822,Feryal Clark MP,Labour,Enfield North,https://data.parliament.uk/membersdataplatform/services/images/MemberPhoto/4822,2020-11-25
1562,Rt Hon Robert Goodwill MP,Conservative,Scarborough and Whitby,https://data.parliament.uk/membersdataplatform/services/images/MemberPhoto/1562,2020-11-25
4749,Ian Levy MP,Conservative,Blyth Valley,https://data.parliament.uk/membersdataplatform/services/images/MemberPhoto/4749,2020-11-25
4789,Marco Longhi MP,Conservative,Dudley North,https://data.parliament.uk/membersdataplatform/services/images/MemberPhoto/4789,2020-11-25
3930,Caroline Lucas MP,Green Party,"Brighton, Pavilion",https://data.parliament.uk/membersdataplatform/services/images/MemberPhoto/3930,2020-11-25
4758,Cherilyn Mackrory MP,Conservative,Truro and Falmouth,https://data.parliament.uk/membersdataplatform/services/images/MemberPhoto/4758,2020-11-25
4739,Jerome Mayhew MP,Conservative,Broadland,https://data.parliament.uk/membersdataplatform/services/images/MemberPhoto/4739,2020-11-25
4424,John McNally MP,Scottish National Party,Falkirk,https://data.parliament.uk/membersdataplatform/services/images/MemberPhoto/4424,2020-11-25
4006,Dr Matthew Offord MP,Conservative,Hendon,https://data.parliament.uk/membersdataplatform/services/images/MemberPhoto/4006,2020-11-25
4658,Alex Sobel MP,Labour,Leeds North West,https://data.parliament.uk/membersdataplatform/services/images/MemberPhoto/4658,2020-11-25
4869,Nadia Whittome MP,Labour,Nottingham East,https://data.parliament.uk/membersdataplatform/services/images/MemberPhoto/4869,2020-11-25
288,Sir William Cash MP,Conservative,Stone,https://data.parliament.uk/membersdataplatform/services/images/MemberPhoto/288,2020-11-25
4747,Tahir Ali MP,Labour,"Birmingham, Hall Green",https://data.parliament.uk/membersdataplatform/services/images/MemberPhoto/4747,2020-11-25
1406,Jon Cruddas MP,Labour,Dagenham and Rainham,https://data.parliament.uk/membersdataplatform/services/images/MemberPhoto/1406,2020-11-25
4740,Allan Dorans MP,Scottish National Party,"Ayr, Carrick and Cumnock",https://data.parliament.uk/membersdataplatform/services/images/MemberPhoto/4740,2020-11-25
4386,Margaret Ferrier MP,Scottish National Party,Rutherglen and Hamilton West,https://data.parliament.uk/membersdataplatform/services/images/MemberPhoto/4386,2020-11-25
4446,Mr Marcus Fysh MP,Conservative,Yeovil,https://data.parliament.uk/membersdataplatform/services/images/MemberPhoto/4446,2020-11-25
4490,Andrea Jenkyns MP,Conservative,Morley and Outwood,https://data.parliament.uk/membersdataplatform/services/images/MemberPhoto/4490,2020-11-25
1502,Rt Hon David Jones MP,Conservative,Clwyd West,https://data.parliament.uk/membersdataplatform/services/images/MemberPhoto/1502,2020-11-25
206,Rt Hon David Lammy MP,Labour,Tottenham,https://data.parliament.uk/membersdataplatform/services/images/MemberPhoto/206,2020-11-25
4529,Craig Mackinlay MP,Conservative,South Thanet,https://data.parliament.uk/membersdataplatform/services/images/MemberPhoto/4529,2020-11-25
4249,Anne Marie Morris MP,Conservative,Newton Abbot,https://data.parliament.uk/membersdataplatform/services/images/MemberPhoto/4249,2020-11-25
4778,Greg Smith MP,Conservative,Buckingham,https://data.parliament.uk/membersdataplatform/services/images/MemberPhoto/4778,2020-11-25
3996,Andrew Jones MP,Conservative,Harrogate and Knaresborough,https://data.parliament.uk/membersdataplatform/services/images/MemberPhoto/3996,2020-11-25
4357,Kirsty Blackman MP,Scottish National Party,Aberdeen North,https://data.parliament.uk/membersdataplatform/services/images/MemberPhoto/4357,2020-11-25
4459,Mrs Flick Drummond MP,Conservative,Meon Valley,https://data.parliament.uk/membersdataplatform/services/images/MemberPhoto/4459,2020-11-25
1198,Rt Hon Sir David Evennett MP,Conservative,Bexleyheath and Crayford,https://data.parliament.uk/membersdataplatform/services/images/MemberPhoto/1198,2020-11-25
4843,James Grundy MP,Conservative,Leigh,https://data.parliament.uk/membersdataplatform/services/images/MemberPhoto/4843,2020-11-25
4813,Mr Richard Holden MP,Conservative,North West Durham,https://data.parliament.uk/membersdataplatform/services/images/MemberPhoto/4813,2020-11-25
4406,Mary Robinson MP,Conservative,Cheadle,https://data.parliament.uk/membersdataplatform/services/images/MemberPhoto/4406,2020-11-25
4425,Jo Stevens MP,Labour,Cardiff Central,https://data.parliament.uk/membersdataplatform/services/images/MemberPhoto/4425,2020-11-25
4618,Liz Twist MP,Labour,Blaydon,https://data.parliament.uk/membersdataplatform/services/images/MemberPhoto/4618,2020-11-25
4438,Craig Williams MP,Conservative,Montgomeryshire,https://data.parliament.uk/membersdataplatform/services/images/MemberPhoto/4438,2020-11-25
4825,Jacob Young MP,Conservative,Redcar,https://data.parliament.uk/membersdataplatform/services/images/MemberPhoto/4825,2020-11-25
4029,Lilian Greenwood MP,Labour,Nottingham South,https://data.parliament.uk/membersdataplatform/services/images/MemberPhoto/4029,2020-11-25
4107,Harriett Baldwin MP,Conservative,West Worcestershire,https://data.parliament.uk/membersdataplatform/services/images/MemberPhoto/4107,2020-11-25
394,Mr Clive Betts MP,Labour,Sheffield South East,https://data.parliament.uk/membersdataplatform/services/images/MemberPhoto/394,2020-11-25
4821,Felicity Buchan MP,Conservative,Kensington,https://data.parliament.uk/membersdataplatform/services/images/MemberPhoto/4821,2020-11-25
249,Sir Geoffrey Clifton-Brown MP,Conservative,The Cotswolds,https://data.parliament.uk/membersdataplatform/services/images/MemberPhoto/249,2020-11-25
4850,Gareth Davies MP,Conservative,Grantham and Stamford,https://data.parliament.uk/membersdataplatform/services/images/MemberPhoto/4850,2020-11-25
36,Rt Hon Dame Eleanor Laing MP,Conservative,Epping Forest,https://data.parliament.uk/membersdataplatform/services/images/MemberPhoto/36,2020-11-25
4453,Tommy Sheppard MP,Scottish National Party,Edinburgh East,https://data.parliament.uk/membersdataplatform/services/images/MemberPhoto/4453,2020-11-25
390,Rt Hon Dame Rosie Winterton MP,Labour,Doncaster Central,https://data.parliament.uk/membersdataplatform/services/images/MemberPhoto/390,2020-11-25
4805,Alicia Kearns MP,Conservative,Rutland and Melton,https://data.parliament.uk/membersdataplatform/services/images/MemberPhoto/4805,2020-11-25
4461,Stewart Malcolm McDonald MP,Scottish National Party,Glasgow South,https://data.parliament.uk/membersdataplatform/services/images/MemberPhoto/4461,2020-11-25
1447,Andrew Rosindell MP,Conservative,Romford,https://data.parliament.uk/membersdataplatform/services/images/MemberPhoto/1447,2020-11-25
4681,Bob Seely MP,Conservative,Isle of Wight,https://data.parliament.uk/membersdataplatform/services/images/MemberPhoto/4681,2020-11-25
3960,Henry Smith MP,Conservative,Crawley,https://data.parliament.uk/membersdataplatform/services/images/MemberPhoto/3960,2020-11-25
4478,Royston Smith MP,Conservative,"Southampton, Itchen",https://data.parliament.uk/membersdataplatform/services/images/MemberPhoto/4478,2020-11-25
449,Graham Stringer MP,Labour,Blackley and Broughton,https://data.parliament.uk/membersdataplatform/services/images/MemberPhoto/449,2020-11-25
1572,Rt Hon Jeremy Hunt MP,Conservative,South West Surrey,https://data.parliament.uk/membersdataplatform/services/images/MemberPhoto/1572,2020-11-25
4792,Paul Bristow MP,Conservative,Peterborough,https://data.parliament.uk/membersdataplatform/services/images/MemberPhoto/4792,2020-11-25
1538,Rosie Cooper MP,Labour,West Lancashire,https://data.parliament.uk/membersdataplatform/services/images/MemberPhoto/1538,2020-11-25
4476,Dr James Davies MP,Conservative,Vale of Clwyd,https://data.parliament.uk/membersdataplatform/services/images/MemberPhoto/4476,2020-11-25
4781,Dr Luke Evans MP,Conservative,Bosworth,https://data.parliament.uk/membersdataplatform/services/images/MemberPhoto/4781,2020-11-25
4782,Neale Hanvey MP,Scottish National Party,Kirkcaldy and Cowdenbeath,https://data.parliament.uk/membersdataplatform/services/images/MemberPhoto/4782,2020-11-25
1588,Barbara Keeley MP,Labour,Worsley and Eccles South,https://data.parliament.uk/membersdataplatform/services/images/MemberPhoto/1588,2020-11-25
4779,Taiwo Owatemi MP,Labour,Coventry North West,https://data.parliament.uk/membersdataplatform/services/images/MemberPhoto/4779,2020-11-25
4777,Sarah Owen MP,Labour,Luton North,https://data.parliament.uk/membersdataplatform/services/images/MemberPhoto/4777,2020-11-25
4812,Dean Russell MP,Conservative,Watford,https://data.parliament.uk/membersdataplatform/services/images/MemberPhoto/4812,2020-11-25
4780,Laura Trott MP,Conservative,Sevenoaks,https://data.parliament.uk/membersdataplatform/services/images/MemberPhoto/4780,2020-11-25
420,Rt Hon Yvette Cooper MP,Labour,"Normanton, Pontefract and Castleford",https://data.parliament.uk/membersdataplatform/services/images/MemberPhoto/420,2020-11-25
172,Rt Hon Diane Abbott MP,Labour,Hackney North and Stoke Newington,https://data.parliament.uk/membersdataplatform/services/images/MemberPhoto/172,2020-11-25
4737,Dehenna Davison MP,Conservative,Bishop Auckland,https://data.parliament.uk/membersdataplatform/services/images/MemberPhoto/4737,2020-11-25
4808,Ruth Edwards MP,Conservative,Rushcliffe,https://data.parliament.uk/membersdataplatform/services/images/MemberPhoto/4808,2020-11-25
4826,Laura Farris MP,Conservative,Newbury,https://data.parliament.uk/membersdataplatform/services/images/MemberPhoto/4826,2020-11-25
4744,Simon Fell MP,Conservative,Barrow and Furness,https://data.parliament.uk/membersdataplatform/services/images/MemberPhoto/4744,2020-11-25
1506,Andrew Gwynne MP,Labour,Denton and Reddish,https://data.parliament.uk/membersdataplatform/services/images/MemberPhoto/1506,2020-11-25
1522,Adam Holloway MP,Conservative,Gravesham,https://data.parliament.uk/membersdataplatform/services/images/MemberPhoto/1522,2020-11-25
1533,Dame Diana Johnson MP,Labour,Kingston upon Hull North,https://data.parliament.uk/membersdataplatform/services/images/MemberPhoto/1533,2020-11-25
114,Tim Loughton MP,Conservative,East Worthing and Shoreham,https://data.parliament.uk/membersdataplatform/services/images/MemberPhoto/114,2020-11-25
4393,Stuart C McDonald MP,Scottish National Party,"Cumbernauld, Kilsyth and Kirkintilloch East",https://data.parliament.uk/membersdataplatform/services/images/MemberPhoto/4393,2020-11-25
81844,Ian Ailles,,Lay Member,https://committees-api.parliament.uk/committees/personimage/1844,2020-11-25
81502,Dr John Benger,,Lay Member,https://committees-api.parliament.uk/committees/personimage/1502,2020-11-25
80017,Dr Rima Makarem,,Lay Member,https://committees-api.parliament.uk/committees/personimage/17,2020-11-25
80007,Jane McCall,,Lay Member,https://committees-api.parliament.uk/committees/personimage/7,2020-11-25
467,Rt Hon Sir Lindsay Hoyle MP,Speaker,Chorley,https://data.parliament.uk/membersdataplatform/services/images/MemberPhoto/467,2020-11-25
4099,Rt Hon Jacob Rees-Mogg MP,Conservative,North East Somerset,https://data.parliament.uk/membersdataplatform/services/images/MemberPhoto/4099,2020-11-25
4076,Rt Hon Valerie Vaz MP,Labour,Walsall South,https://data.parliament.uk/membersdataplatform/services/images/MemberPhoto/4076,2020-11-25
1440,Pete Wishart MP,Scottish National Party,Perth and North Perthshire,https://data.parliament.uk/membersdataplatform/services/images/MemberPhoto/1440,2020-11-25
4756,Brendan Clarke-Smith MP,Conservative,Bassetlaw,https://data.parliament.uk/membersdataplatform/services/images/MemberPhoto/4756,2020-11-25
4836,Ben Everitt MP,Conservative,Milton Keynes North,https://data.parliament.uk/membersdataplatform/services/images/MemberPhoto/4836,2020-11-25
4803,Paul Holmes MP,Conservative,Eastleigh,https://data.parliament.uk/membersdataplatform/services/images/MemberPhoto/4803,2020-11-25
4873,Rachel Hopkins MP,Labour,Luton South,https://data.parliament.uk/membersdataplatform/services/images/MemberPhoto/4873,2020-11-25
4820,Abena Oppong-Asare MP,Labour,Erith and Thamesmead,https://data.parliament.uk/membersdataplatform/services/images/MemberPhoto/4820,2020-11-25
4598,Mohammad Yasin MP,Labour,Bedford,https://data.parliament.uk/membersdataplatform/services/images/MemberPhoto/4598,2020-11-25
1451,Mr Richard Bacon MP,Conservative,South Norfolk,https://data.parliament.uk/membersdataplatform/services/images/MemberPhoto/1451,2020-11-25
1396,Mr Ian Liddell-Grainger MP,Conservative,Bridgwater and West Somerset,https://data.parliament.uk/membersdataplatform/services/images/MemberPhoto/1396,2020-11-25
3932,Dr Dan Poulter MP,Conservative,Central Suffolk and North Ipswich,https://data.parliament.uk/membersdataplatform/services/images/MemberPhoto/3932,2020-11-25
1604,Mr Virendra Sharma MP,Labour,"Ealing, Southall",https://data.parliament.uk/membersdataplatform/services/images/MemberPhoto/1604,2020-11-25
1546,Angus Brendan MacNeil MP,Scottish National Party,Na h-Eileanan an Iar,https://data.parliament.uk/membersdataplatform/services/images/MemberPhoto/1546,2020-11-25
4589,Robert Courts MP,Conservative,Witney,https://data.parliament.uk/membersdataplatform/services/images/MemberPhoto/4589,2020-11-25
4633,Paul Girvan MP,Democratic Unionist Party,South Antrim,https://data.parliament.uk/membersdataplatform/services/images/MemberPhoto/4633,2020-11-25
4615,Lloyd Russell-Moyle MP,Labour,"Brighton, Kemptown",https://data.parliament.uk/membersdataplatform/services/images/MemberPhoto/4615,2020-11-25
3957,Martin Vickers MP,Conservative,Cleethorpes,https://data.parliament.uk/membersdataplatform/services/images/MemberPhoto/3957,2020-11-25
4755,Mick Whitley MP,Labour,Birkenhead,https://data.parliament.uk/membersdataplatform/services/images/MemberPhoto/4755,2020-11-25
1601,Sir Robert Neill MP,Conservative,Bromley and Chislehurst,https://data.parliament.uk/membersdataplatform/services/images/MemberPhoto/1601,2020-11-25
4828,Paula Barker MP,Labour,"Liverpool, Wavertree",https://data.parliament.uk/membersdataplatform/services/images/MemberPhoto/4828,2020-11-25
4493,Richard Burgon MP,Labour,Leeds East,https://data.parliament.uk/membersdataplatform/services/images/MemberPhoto/4493,2020-11-25
4745,Rob Butler MP,Conservative,Aylesbury,https://data.parliament.uk/membersdataplatform/services/images/MemberPhoto/4745,2020-11-25
4854,James Daly MP,Conservative,Bury North,https://data.parliament.uk/membersdataplatform/services/images/MemberPhoto/4854,2020-11-25
4816,Miss Sarah Dines MP,Conservative,Derbyshire Dales,https://data.parliament.uk/membersdataplatform/services/images/MemberPhoto/4816,2020-11-25
483,Maria Eagle MP,Labour,Garston and Halewood,https://data.parliament.uk/membersdataplatform/services/images/MemberPhoto/483,2020-11-25
1606,John Howell MP,Conservative,Henley,https://data.parliament.uk/membersdataplatform/services/images/MemberPhoto/1606,2020-11-25
4772,Kenny MacAskill MP,Scottish National Party,East Lothian,https://data.parliament.uk/membersdataplatform/services/images/MemberPhoto/4772,2020-11-25
4860,Dr Kieran Mullan MP,Conservative,Crewe and Nantwich,https://data.parliament.uk/membersdataplatform/services/images/MemberPhoto/4860,2020-11-25
1516,Andy Slaughter MP,Labour,Hammersmith,https://data.parliament.uk/membersdataplatform/services/images/MemberPhoto/1516,2020-11-25
4110,Rt Hon Karen Bradley MP,Conservative,Staffordshire Moorlands,https://data.parliament.uk/membersdataplatform/services/images/MemberPhoto/4110,2020-11-25
1578,Rt Hon Greg Clark MP,Conservative,Tunbridge Wells,https://data.parliament.uk/membersdataplatform/services/images/MemberPhoto/1578,2020-11-25
1554,Rt Hon Stephen Crabb MP,Conservative,Preseli Pembrokeshire,https://data.parliament.uk/membersdataplatform/services/images/MemberPhoto/1554,2020-11-25
150,Rt Hon Harriet Harman QC MP,Labour,Camberwell and Peckham,https://data.parliament.uk/membersdataplatform/services/images/MemberPhoto/150,2020-11-25
1524,Meg Hillier MP,Labour,Hackney South and Shoreditch,https://data.parliament.uk/membersdataplatform/services/images/MemberPhoto/1524,2020-11-25
4494,Simon Hoare MP,Conservative,North Dorset,https://data.parliament.uk/membersdataplatform/services/images/MemberPhoto/4494,2020-11-25
4125,Catherine McKinnell MP,Labour,Newcastle upon Tyne North,https://data.parliament.uk/membersdataplatform/services/images/MemberPhoto/4125,2020-11-25
4093,Stephen McPartland MP,Conservative,Stevenage,https://data.parliament.uk/membersdataplatform/services/images/MemberPhoto/4093,2020-11-25
4442,Huw Merriman MP,Conservative,Bexhill and Battle,https://data.parliament.uk/membersdataplatform/services/images/MemberPhoto/4442,2020-11-25
4048,Rt Hon Caroline Nokes MP,Conservative,Romsey and Southampton North,https://data.parliament.uk/membersdataplatform/services/images/MemberPhoto/4048,2020-11-25
3935,Rt Hon Mel Stride MP,Conservative,Central Devon,https://data.parliament.uk/membersdataplatform/services/images/MemberPhoto/3935,2020-11-25
163,Rt Hon Stephen Timms MP,Labour,East Ham,https://data.parliament.uk/membersdataplatform/services/images/MemberPhoto/163,2020-11-25
4429,Mr William Wragg MP,Conservative,Hazel Grove,https://data.parliament.uk/membersdataplatform/services/images/MemberPhoto/4429,2020-11-25
4512,Caroline Ansell MP,Conservative,Eastbourne,https://data.parliament.uk/membersdataplatform/services/images/MemberPhoto/4512,2020-11-25
4793,Scott Benton MP,Conservative,Blackpool South,https://data.parliament.uk/membersdataplatform/services/images/MemberPhoto/4793,2020-11-25
1409,Mr Gregory Campbell MP,Democratic Unionist Party,East Londonderry,https://data.parliament.uk/membersdataplatform/services/images/MemberPhoto/1409,2020-11-25
4856,Stephen Farry MP,Alliance,North Down,https://data.parliament.uk/membersdataplatform/services/images/MemberPhoto/4856,2020-11-25
4753,Mary Kelly Foy MP,Labour,City of Durham,https://data.parliament.uk/membersdataplatform/services/images/MemberPhoto/4753,2020-11-25
4827,Claire Hanna MP,Social Democratic & Labour Party,Belfast South,https://data.parliament.uk/membersdataplatform/services/images/MemberPhoto/4827,2020-11-25
4129,Ian Paisley MP,Democratic Unionist Party,North Antrim,https://data.parliament.uk/membersdataplatform/services/images/MemberPhoto/4129,2020-11-25
4607,Stephanie Peacock MP,Labour,Barnsley East,https://data.parliament.uk/membersdataplatform/services/images/MemberPhoto/4607,2020-11-25
3919,Bob Stewart MP,Conservative,Beckenham,https://data.parliament.uk/membersdataplatform/services/images/MemberPhoto/3919,2020-11-25
4138,Rushanara Ali MP,Labour,Bethnal Green and Bow,https://data.parliament.uk/membersdataplatform/services/images/MemberPhoto/4138,2020-11-25
44,Sir David Amess MP,Conservative,Southend West,https://data.parliament.uk/membersdataplatform/services/images/MemberPhoto/44,2020-11-25
4486,Hannah Bardell MP,Scottish National Party,Livingston,https://data.parliament.uk/membersdataplatform/services/images/MemberPhoto/4486,2020-11-25
435,Sir Graham Brady MP,Conservative,Altrincham and Sale West,https://data.parliament.uk/membersdataplatform/services/images/MemberPhoto/435,2020-11-25
199,Ms Karen Buck MP,Labour,Westminster North,https://data.parliament.uk/membersdataplatform/services/images/MemberPhoto/199,2020-11-25
4397,Peter Dowd MP,Labour,Bootle,https://data.parliament.uk/membersdataplatform/services/images/MemberPhoto/4397,2020-11-25
491,Ms Angela Eagle MP,Labour,Wallasey,https://data.parliament.uk/membersdataplatform/services/images/MemberPhoto/491,2020-11-25
474,Mr Nigel Evans MP,Conservative,Ribble Valley,https://data.parliament.uk/membersdataplatform/services/images/MemberPhoto/474,2020-11-25
4034,Yvonne Fovargue MP,Labour,Makerfield,https://data.parliament.uk/membersdataplatform/services/images/MemberPhoto/4034,2020-11-25
87,Rt Hon Sir Roger Gale MP,Conservative,North Thanet,https://data.parliament.uk/membersdataplatform/services/images/MemberPhoto/87,2020-11-25
18,Rt Hon Dame Cheryl Gillan MP,Conservative,Chesham and Amersham,https://data.parliament.uk/membersdataplatform/services/images/MemberPhoto/18,2020-11-25
261,James Gray MP,Conservative,North Wiltshire,https://data.parliament.uk/membersdataplatform/services/images/MemberPhoto/261,2020-11-25
1537,Mr Philip Hollobone MP,Conservative,Kettering,https://data.parliament.uk/membersdataplatform/services/images/MemberPhoto/1537,2020-11-25
1514,Stewart Hosie MP,Scottish National Party,Dundee East,https://data.parliament.uk/membersdataplatform/services/images/MemberPhoto/1514,2020-11-25
481,Rt Hon Sir George Howarth MP,Labour,Knowsley,https://data.parliament.uk/membersdataplatform/services/images/MemberPhoto/481,2020-11-25
345,Rt Hon Sir Edward Leigh MP,Conservative,Gainsborough,https://data.parliament.uk/membersdataplatform/services/images/MemberPhoto/345,2020-11-25
298,Steve McCabe MP,Labour,"Birmingham, Selly Oak",https://data.parliament.uk/membersdataplatform/services/images/MemberPhoto/298,2020-11-25
193,Siobhain McDonagh MP,Labour,Mitcham and Morden,https://data.parliament.uk/membersdataplatform/services/images/MemberPhoto/193,2020-11-25
4084,Rt Hon Esther McVey MP,Conservative,Tatton,https://data.parliament.uk/membersdataplatform/services/images/MemberPhoto/4084,2020-11-25
1512,Rt Hon David Mundell MP,Conservative,"Dumfriesshire, Clydesdale and Tweeddale",https://data.parliament.uk/membersdataplatform/services/images/MemberPhoto/1512,2020-11-25
1576,Mark Pritchard MP,Conservative,The Wrekin,https://data.parliament.uk/membersdataplatform/services/images/MemberPhoto/1576,2020-11-25
4525,Christina Rees MP,Labour,Neath,https://data.parliament.uk/membersdataplatform/services/images/MemberPhoto/4525,2020-11-25
253,Mr Laurence Robertson MP,Conservative,Tewkesbury,https://data.parliament.uk/membersdataplatform/services/images/MemberPhoto/253,2020-11-25
234,Sir Gary Streeter MP,Conservative,South West Devon,https://data.parliament.uk/membersdataplatform/services/images/MemberPhoto/234,2020-11-25
4623,Tonia Antoniazzi MP,Labour,Gower,https://data.parliament.uk/membersdataplatform/services/images/MemberPhoto/4623,2020-11-25
4775,Elliot Colburn MP,Conservative,Carshalton and Wallington,https://data.parliament.uk/membersdataplatform/services/images/MemberPhoto/4775,2020-11-25
4488,Martyn Day MP,Scottish National Party,Linlithgow and East Falkirk,https://data.parliament.uk/membersdataplatform/services/images/MemberPhoto/4488,2020-11-25
4040,Chris Evans MP,Labour,Islwyn,https://data.parliament.uk/membersdataplatform/services/images/MemberPhoto/4040,2020-11-25
4834,Katherine Fletcher MP,Conservative,South Ribble,https://data.parliament.uk/membersdataplatform/services/images/MemberPhoto/4834,2020-11-25
4832,Nick Fletcher MP,Conservative,Don Valley,https://data.parliament.uk/membersdataplatform/services/images/MemberPhoto/4832,2020-11-25
4644,Mike Hill MP,Labour,Hartlepool,https://data.parliament.uk/membersdataplatform/services/images/MemberPhoto/4644,2020-11-25
1500,Rt Hon Theresa Villiers MP,Conservative,Chipping Barnet,https://data.parliament.uk/membersdataplatform/services/images/MemberPhoto/1500,2020-11-25
4837,Aaron Bell MP,Conservative,Newcastle-under-Lyme,https://data.parliament.uk/membersdataplatform/services/images/MemberPhoto/4837,2020-11-25
4643,Jack Brereton MP,Conservative,Stoke-on-Trent South,https://data.parliament.uk/membersdataplatform/services/images/MemberPhoto/4643,2020-11-25
4610,Bambos Charalambous MP,Labour,"Enfield, Southgate",https://data.parliament.uk/membersdataplatform/services/images/MemberPhoto/4610,2020-11-25
4874,Andrew Griffith MP,Conservative,Arundel and South Downs,https://data.parliament.uk/membersdataplatform/services/images/MemberPhoto/4874,2020-11-25
4627,Douglas Ross MP,Conservative,Moray,https://data.parliament.uk/membersdataplatform/services/images/MemberPhoto/4627,2020-11-25
4767,James Sunderland MP,Conservative,Bracknell,https://data.parliament.uk/membersdataplatform/services/images/MemberPhoto/4767,2020-11-25
4802,Suzanne Webb MP,Conservative,Stourbridge,https://data.parliament.uk/membersdataplatform/services/images/MemberPhoto/4802,2020-11-25
523,Rt Hon Nicholas Brown MP,Labour,Newcastle upon Tyne East,https://data.parliament.uk/membersdataplatform/services/images/MemberPhoto/523,2020-11-25
4466,Peter Grant MP,Scottish National Party,Glenrothes,https://data.parliament.uk/membersdataplatform/services/images/MemberPhoto/4466,2020-11-25
4484,Alan Mak MP,Conservative,Havant,https://data.parliament.uk/membersdataplatform/services/images/MemberPhoto/4484,2020-11-25
4597,Kemi Badenoch MP,Conservative,Saffron Walden,https://data.parliament.uk/membersdataplatform/services/images/MemberPhoto/4597,2020-11-25
4757,Shaun Bailey MP,Conservative,West Bromwich West,https://data.parliament.uk/membersdataplatform/services/images/MemberPhoto/4757,2020-11-25
4864,Olivia Blake MP,Labour,"Sheffield, Hallam",https://data.parliament.uk/membersdataplatform/services/images/MemberPhoto/4864,2020-11-25
3914,Shabana Mahmood MP,Labour,"Birmingham, Ladywood",https://data.parliament.uk/membersdataplatform/services/images/MemberPhoto/3914,2020-11-25
4591,Sarah Olney MP,Liberal Democrat,Richmond Park,https://data.parliament.uk/membersdataplatform/services/images/MemberPhoto/4591,2020-11-25
3928,Nick Smith MP,Labour,Blaenau Gwent,https://data.parliament.uk/membersdataplatform/services/images/MemberPhoto/3928,2020-11-25
4787,James Wild MP,Conservative,North West Norfolk,https://data.parliament.uk/membersdataplatform/services/images/MemberPhoto/4787,2020-11-25
4465,Ronnie Cowan MP,Scottish National Party,Inverclyde,https://data.parliament.uk/membersdataplatform/services/images/MemberPhoto/4465,2020-11-25
4065,Jackie Doyle-Price MP,Conservative,Thurrock,https://data.parliament.uk/membersdataplatform/services/images/MemberPhoto/4065,2020-11-25
4845,Tom Randall MP,Conservative,Gedling,https://data.parliament.uk/membersdataplatform/services/images/MemberPhoto/4845,2020-11-25
4444,Karin Smyth MP,Labour,Bristol South,https://data.parliament.uk/membersdataplatform/services/images/MemberPhoto/4444,2020-11-25
3942,John Stevenson MP,Conservative,Carlisle,https://data.parliament.uk/membersdataplatform/services/images/MemberPhoto/3942,2020-11-25
4835,Chris Clarkson MP,Conservative,Heywood and Middleton,https://data.parliament.uk/membersdataplatform/services/images/MemberPhoto/4835,2020-11-25
69,Rt Hon Sir Oliver Heald QC MP,Conservative,North East Hertfordshire,https://data.parliament.uk/membersdataplatform/services/images/MemberPhoto/69,2020-11-25
4762,Anthony Mangnall MP,Conservative,Totnes,https://data.parliament.uk/membersdataplatform/services/images/MemberPhoto/4762,2020-11-25
4458,Conor McGinn MP,Labour,St Helens North,https://data.parliament.uk/membersdataplatform/services/images/MemberPhoto/4458,2020-11-25
4030,Karl Turner MP,Labour,Kingston upon Hull East,https://data.parliament.uk/membersdataplatform/services/images/MemberPhoto/4030,2020-11-25
1489,Dawn Butler MP,Labour,Brent Central,https://data.parliament.uk/membersdataplatform/services/images/MemberPhoto/1489,2020-11-25
4815,Mark Logan MP,Conservative,Bolton North East,https://data.parliament.uk/membersdataplatform/services/images/MemberPhoto/4815,2020-11-25
4443,Carol Monaghan MP,Scottish National Party,Glasgow North West,https://data.parliament.uk/membersdataplatform/services/images/MemberPhoto/4443,2020-11-25
4421,Mhairi Black MP,Scottish National Party,Paisley and Renfrewshire South,https://data.parliament.uk/membersdataplatform/services/images/MemberPhoto/4421,2020-11-25
4601,Andrew Bowie MP,Conservative,West Aberdeenshire and Kincardine,https://data.parliament.uk/membersdataplatform/services/images/MemberPhoto/4601,2020-11-25
4417,Deidre Brock MP,Scottish National Party,Edinburgh North and Leith,https://data.parliament.uk/membersdataplatform/services/images/MemberPhoto/4417,2020-11-25
4765,Wendy Chamberlain MP,Liberal Democrat,North East Fife,https://data.parliament.uk/membersdataplatform/services/images/MemberPhoto/4765,2020-11-25
4608,John Lamont MP,Conservative,"Berwickshire, Roxburgh and Selkirk",https://data.parliament.uk/membersdataplatform/services/images/MemberPhoto/4608,2020-11-25
1397,Hywel Williams MP,Plaid Cymru,Arfon,https://data.parliament.uk/membersdataplatform/services/images/MemberPhoto/1397,2020-11-25
4800,Simon Baynes MP,Conservative,Clwyd South,https://data.parliament.uk/membersdataplatform/services/images/MemberPhoto/4800,2020-11-25
1566,Daniel Kawczynski MP,Conservative,Shrewsbury and Atcham,https://data.parliament.uk/membersdataplatform/services/images/MemberPhoto/1566,2020-11-25
80980,Peter Blausten,,Lay Member,https://committees-api.parliament.uk/committees/personimage/980,2020-11-25
80005,Ms Cindy Butts,,Lay Member,https://committees-api.parliament.uk/committees/personimage/5,2020-11-25
80020,Mr Shrinivas Honap,,Lay Member,https://committees-api.parliament.uk/committees/personimage/20,2020-11-25
55,Rt Hon Sir Desmond Swayne MP,Conservative,New Forest West,https://data.parliament.uk/membersdataplatform/services/images/MemberPhoto/55,2020-11-25
1571,Rt Hon Michael Gove MP,Conservative,Surrey Heath,https://data.parliament.uk/membersdataplatform/services/images/MemberPhoto/1571,2020-11-25
4450,Luke Hall MP,Conservative,Thornbury and Yate,https://data.parliament.uk/membersdataplatform/services/images/MemberPhoto/4450,2020-11-25
4408,Christian Matheson MP,Labour,City of Chester,https://data.parliament.uk/membersdataplatform/services/images/MemberPhoto/4408,2020-11-25
4028,Karl McCartney MP,Conservative,Lincoln,https://data.parliament.uk/membersdataplatform/services/images/MemberPhoto/4028,2020-11-25
4436,Cat Smith MP,Labour,Lancaster and Fleetwood,https://data.parliament.uk/membersdataplatform/services/images/MemberPhoto/4436,2020-11-25
245,Sir Robert Syms MP,Conservative,Poole,https://data.parliament.uk/membersdataplatform/services/images/MemberPhoto/245,2020-11-25
4389,Ruth Cadbury MP,Labour,Brentford and Isleworth,https://data.parliament.uk/membersdataplatform/services/images/MemberPhoto/4389,2020-11-25
4862,Simon Jupp MP,Conservative,East Devon,https://data.parliament.uk/membersdataplatform/services/images/MemberPhoto/4862,2020-11-25
4852,Robert Largan MP,Conservative,High Peak,https://data.parliament.uk/membersdataplatform/services/images/MemberPhoto/4852,2020-11-25
4751,Chris Loder MP,Conservative,West Dorset,https://data.parliament.uk/membersdataplatform/services/images/MemberPhoto/4751,2020-11-25
3973,Grahame Morris MP,Labour,Easington,https://data.parliament.uk/membersdataplatform/services/images/MemberPhoto/3973,2020-11-25
4420,Gavin Newlands MP,Scottish National Party,Paisley and Renfrewshire North,https://data.parliament.uk/membersdataplatform/services/images/MemberPhoto/4420,2020-11-25
4829,Sam Tarry MP,Labour,Ilford South,https://data.parliament.uk/membersdataplatform/services/images/MemberPhoto/4829,2020-11-25
4064,Mr Steve Baker MP,Conservative,Wycombe,https://data.parliament.uk/membersdataplatform/services/images/MemberPhoto/4064,2020-11-25
4801,Anthony Browne MP,Conservative,South Cambridgeshire,https://data.parliament.uk/membersdataplatform/services/images/MemberPhoto/4801,2020-11-25
4768,Julie Marson MP,Conservative,Hertford and Stortford,https://data.parliament.uk/membersdataplatform/services/images/MemberPhoto/4768,2020-11-25
4430,Alison Thewliss MP,Scottish National Party,Glasgow Central,https://data.parliament.uk/membersdataplatform/services/images/MemberPhoto/4430,2020-11-25
4859,Virginia Crosbie MP,Conservative,Ynys MÃ´n,https://data.parliament.uk/membersdataplatform/services/images/MemberPhoto/4859,2020-11-25
4716,Ruth Jones MP,Labour,Newport West,https://data.parliament.uk/membersdataplatform/services/images/MemberPhoto/4716,2020-11-25
4630,Ben Lake MP,Plaid Cymru,Ceredigion,https://data.parliament.uk/membersdataplatform/services/images/MemberPhoto/4630,2020-11-25
4746,Robin Millar MP,Conservative,Aberconwy,https://data.parliament.uk/membersdataplatform/services/images/MemberPhoto/4746,2020-11-25
4810,Rob Roberts MP,Conservative,Delyn,https://data.parliament.uk/membersdataplatform/services/images/MemberPhoto/4810,2020-11-25
4809,Beth Winter MP,Labour,Cynon Valley,https://data.parliament.uk/membersdataplatform/services/images/MemberPhoto/4809,2020-11-25
4838,Sara Britcliffe MP,Conservative,Hyndburn,https://data.parliament.uk/membersdataplatform/services/images/MemberPhoto/4838,2020-11-25
4469,Angela Crawley MP,Scottish National Party,Lanark and Hamilton East,https://data.parliament.uk/membersdataplatform/services/images/MemberPhoto/4469,2020-11-25
4754,Peter Gibson MP,Conservative,Darlington,https://data.parliament.uk/membersdataplatform/services/images/MemberPhoto/4754,2020-11-25
4783,Kate Osborne MP,Labour,Jarrow,https://data.parliament.uk/membersdataplatform/services/images/MemberPhoto/4783,2020-11-25
4764,Bell Ribeiro-Addy MP,Labour,Streatham,https://data.parliament.uk/membersdataplatform/services/images/MemberPhoto/4764,2020-11-25
4212,Debbie Abrahams MP,Labour,Oldham East and Saddleworth,https://data.parliament.uk/membersdataplatform/services/images/MemberPhoto/4212,2020-11-25
4847,Siobhan Baillie MP,Conservative,Stroud,https://data.parliament.uk/membersdataplatform/services/images/MemberPhoto/4847,2020-11-25
4863,Selaine Saxby MP,Conservative,North Devon,https://data.parliament.uk/membersdataplatform/services/images/MemberPhoto/4863,2020-11-25
4785,Dr Ben Spencer MP,Conservative,Runnymede and Weybridge,https://data.parliament.uk/membersdataplatform/services/images/MemberPhoto/4785,2020-11-25
4463,Chris Stephens MP,Scottish National Party,Glasgow South West,https://data.parliament.uk/membersdataplatform/services/images/MemberPhoto/4463,2020-11-25
